name,email,age
John Doe,john@example.com,30
Jane Mane,jane@example.com,25
Jane Mani,janeexample.com,25
Jan Mane,jane@example.com,119
Alex Smith,alex.smith@example.com,140
,missingname@example.com,35
Emily Davis,emily.davis@example.com,29
Michael Brown,michael.brown@example.com,-5
Sarah Johnson,sarah.johnson@example.com,33
David Wilson,david.wilson@,50
,emma.taylor@example.com,45
Oliver Jones,oliver.jones@example.com,120
Lucas Martin,lucas.martin@example.com,121
Sophia Anderson,sophia.anderson@example.com,22
Benjamin Thomas,benjamin.thomas@example.com,27
Charlotte Jackson,charlotte.jackson@example.com,32
Ethan White,ethan.white@example.com,60
Mia Harris,mia.harris@example.com,18
William Lewis,william.lewis@example.com,75
Ella Clark,ella.clark@example.com,88
James Walker,james.walker@example.com,65
Isabella Hall,isabella.hall@example.com,48
Logan Allen,logan.allen@example.com,12
Ava Young,ava.young@example.com,50
Mason King,mason.king@example.com,5
Sophia Scott,sophia.scott@example.com,99
Liam Wright,liam.wright@example.com,11
Amelia Baker,amelia.baker@example.com,19
Elijah Adams,elijah.adams@example.com,36
Harper Hill,harper.hill@example.com,90
Lucas Green,lucas.green@example.com,35
Grace Cooper,grace.cooper@example.com,45
Henry Rivera,henry.rivera@example.com,52
Chloe Campbell,chloe.campbell@example.com,87
Jackson Mitchell,jackson.mitchell@example.com,23
Lily Perez,lily.perez@example.com,13
Aiden Roberts,aiden.roberts@example.com,59
Zoe Carter,zoe.carter@example.com,44
Noah Phillips,noah.phillips@example.com,20
Avery Evans,avery.evans@example.com,80
Jacob Turner,jacob.turner@example.com,67
Madison Parker,madison.parker@example.com,72
Daniel Torres,daniel.torres@example.com,99
Scarlett Ramirez,scarlett.ramirez@example.com,25
Jack Edwards,jack.edwards@example.com,32
Victoria Rivera,victoria.rivera@example.com,110
Sebastian Watson,sebastian.watson@example.com,41
Emily Brooks,emily.brooks@example.com,28
Luke Kelly,luke.kelly@example.com,120
Hannah Sanders,hannah.sanders@example.com,122
John Doe,john.doe@example.com,30
Jane Smith,jane.smith@example.com,25
Emily Davis,emily.davis@example.com,35
Michael Brown,michael.brown@example.com,40
Sarah Johnson,sarah.johnson@example.com,28
David Wilson,david.wilson@example.com,50
Emma Taylor,emma.taylor@example.com,22
Oliver Jones,oliver.jones@example.com,33
Sophia Anderson,sophia.anderson@example.com,19
William Lewis,william.lewis@example.com,55
Mia Harris,mia.harris@example.com,31
James Walker,james.walker@example.com,45
Isabella Hall,isabella.hall@example.com,27
Lucas Martin,lucas.martin@example.com,24
Charlotte Jackson,charlotte.jackson@example.com,36
Ethan White,ethan.white@example.com,20
Ava Thompson,ava.thompson@example.com,60
Liam Wright,liam.wright@example.com,25
Amelia Baker,amelia.baker@example.com,18
Elijah Adams,elijah.adams@example.com,41
Harper Hill,harper.hill@example.com,30
Logan Allen,logan.allen@example.com,29
Ella Clark,ella.clark@example.com,38
Mason King,mason.king@example.com,21
Zoe Carter,zoe.carter@example.com,26
Henry Rivera,henry.rivera@example.com,46
Grace Cooper,grace.cooper@example.com,33
Jackson Mitchell,jackson.mitchell@example.com,19
Lily Perez,lily.perez@example.com,49
Benjamin Thomas,benjamin.thomas@example.com,44
Victoria Rivera,victoria.rivera@example.com,59
Jacob Turner,jacob.turner@example.com,62
Madison Parker,madison.parker@example.com,37
Daniel Torres,daniel.torres@example.com,40
Scarlett Ramirez,scarlett.ramirez@example.com,28
Hannah Sanders,hannah.sanders@example.com,23
Sebastian Watson,sebastian.watson@example.com,39
Emily Brooks,emily.brooks@example.com,56
Luke Kelly,luke.kelly@example.com,48
Alex Moore,alex.moore@example.com,34
Sophia Hughes,sophia.hughes@example.com,22
Liam Scott,liam.scott@example.com,35
Amelia Lopez,amelia.lopez@example.com,27
Ethan Gonzalez,ethan.gonzalez@example.com,32
Mia Martinez,mia.martinez@example.com,50
Aiden Ross,aiden.ross@example.com,18
Emma Foster,emma.foster@example.com,30


Noah Bell,noah.bell@example.com,43
Avery Reed,avery.reed@example.com,40